DNS,ip_address,Latitude,Longitude,Country
www.nitolniloy.com.bd,115.69.211.44,23.7018,90.3742,BD
nationaltrading.com.bd,15.197.172.233,37.751,-97.822,US
www.excellence.com.bd,107.6.186.26,52.2832,4.7521,NL
www.cloud.nationwide.com.bd,115.187.18.40,23.7018,90.3742,BD
www.aponjon.com.bd,119.148.18.134,23.7731,90.3657,BD
hugeicons.com,76.76.21.21,34.0233,-117.8512,US
payment.moneybag.com.bd,121.200.63.141,23.7018,90.3742,BD
www.hilti.com.bd,23.11.229.169,33.7485,-84.3871,US
www.cmed.com.bd,45.251.57.92,23.7018,90.3742,BD
www.secure.traveltoknow.com.bd,136.144.28.207,52.3824,4.8995,NL
www.beauty.evertechit.com,138.201.80.228,50.4777,12.3649,DE
landmark.com.bd,103.187.22.18,23.7018,90.3742,BD
www.comfort.com.bd,103.191.178.40,23.7018,90.3742,BD
taz.com.bd,65.109.59.166,60.1797,24.9344,FI
www.workstation101-com.thinkgroup.com.bd,74.220.219.171,37.751,-97.822,US
tadbircard.ir,79.127.126.92,35.698,51.4115,IR
www.earthmovinggroup.com.bd,65.8.178.10,28.6344,-81.6221,US
shasthokotha.com.bd,172.96.172.133,25.8119,-80.2318,US
www.apps.perfumecenter.com.bd,103.138.150.6,23.7018,90.3742,BD
my.subtrendz.com.bd,103.159.36.186,23.7018,90.3742,BD
earthmovinggroup.com.bd,13.32.208.129,37.751,-97.822,US
kbilling.openwifi.info,103.131.144.71,23.7018,90.3742,BD
www.my.subtrendz.com.bd,103.159.36.186,23.7018,90.3742,BD
globalit.com.bd.laaz.com.bd,103.174.153.151,23.7018,90.3742,BD
trademision.com.eticketmart.com.bd,103.213.38.117,23.7018,90.3742,BD
www.client.intertest.com.bd,194.163.35.112,1.2868,103.8503,SG
tutor.com.bd,173.214.162.10,37.751,-97.822,US
apps.perfumecenter.com.bd,103.138.150.6,23.7018,90.3742,BD
baymedical.com.bd,192.185.149.24,37.751,-97.822,US
www.support.getup.com.bd,103.191.179.216,23.7018,90.3742,BD
banai.com.bd,178.16.136.216,19.0748,72.8856,IN
sunmoon.com.bd,192.250.235.29,1.2868,103.8503,SG
digitalmarketing.thb.com.bd,103.169.160.199,23.7018,90.3742,BD
sajidoverseasltd.com.bd,192.185.189.106,37.751,-97.822,US
www.trendymart.com.bd.rahatsenglishcare.com,103.159.36.162,23.7018,90.3742,BD
manhandsame.com,103.213.38.227,23.7018,90.3742,BD
www.courier1.corporate-solution.net,49.12.80.157,50.4777,12.3649,DE
micromed.com.bd,65.109.23.122,60.1797,24.9344,FI
www.vindeshiltd.com.bd.educator.com.bd,103.138.151.22,23.7018,90.3742,BD
globalcare.com.bd,103.148.14.50,23.7018,90.3742,BD
mail.primegroup.com.bd,176.9.54.45,50.4777,12.3649,DE
www.invoice.globalit.com.bd,103.174.153.151,23.7018,90.3742,BD
mail.innova.com.bd,192.250.235.18,1.2868,103.8503,SG
monarch.com.bd,143.198.83.233,1.3078,103.6818,SG
kaiser.com.bd,20.6.106.227,1.2868,103.8503,SG
uniq.com.bd,192.250.235.71,1.2868,103.8503,SG
cpanel.eshop.ensysco.com.bd,192.200.117.130,37.751,-97.822,US
timeout.com.bd,103.161.46.90,23.7018,90.3742,BD
www.shop.smartkrishok.com.bd,64.227.173.149,12.9634,77.5855,IN
applex.com.bd,23.227.38.65,45.413,-75.7011,CA
www.usmart.com.bd,204.197.172.10,37.751,-97.822,US
digitalsmsfashion.com.priyotex.com.bd,103.213.38.227,23.7018,90.3742,BD
www.helpdesk.dhakaonline.com.bd,103.112.62.81,23.7529,90.4267,BD
www.billing.dhakaonline.com.bd,103.112.62.81,23.7529,90.4267,BD
webmail.xiclassadmission.gov.bd,163.53.149.2,23.7018,90.3742,BD
mail.purple.com.bd,114.130.58.132,23.8233,90.365,BD
bddam.likebazar.com.bd,103.112.62.144,23.7529,90.4267,BD
ems.dreamstravels.com.bd,103.174.152.18,23.7018,90.3742,BD
eerna.com.bd,103.163.246.59,23.7018,90.3742,BD
www.bddam.likebazar.com.bd,103.112.62.144,23.7529,90.4267,BD
autobigolive.blogspot.com,74.125.134.132,37.751,-97.822,US
arbgroup.com.bd,192.250.235.94,1.2868,103.8503,SG
isyuq.netbiz.com.bd,80.97.49.22,45.9968,24.997,RO
hsihud.artive.com.bd,80.97.49.22,45.9968,24.997,RO
emgdminsite.earthmovinggroup.com.bd,99.84.191.19,37.751,-97.822,US
confidencegroup.com.bd,103.218.164.18,23.7018,90.3742,BD
www.paperfly.com.bd,159.89.163.36,12.9634,77.5855,IN
www.wwwwww.www.www.wwwbgptools-wildcard-confirmed.nationaltrading.com.bd,15.197.172.233,37.751,-97.822,US
xtilesandsanitary.com,118.67.217.204,23.7908,90.4109,BD
wsd.ibank.com.bd,170.64.252.223,-33.8979,151.1897,AU
www.productwinner.best,34.76.205.124,50.8534,4.347,BE
linde.com.bd,23.48.203.134,39.0469,-77.4903,US
www.linde.com.bd,23.11.229.136,33.7485,-84.3871,US
bangladeshdarpan.com.indraprastha.com.bd,103.148.14.50,23.7018,90.3742,BD
www.ilab.com.bd,104.152.168.31,43.6319,-79.3716,CA
laraecom1.webmastersamrat.com,103.240.4.99,23.7018,90.3742,BD
sukhisongsar.com,88.223.87.72,42.3562,-71.0631,US
www.applex.com.bd,23.227.38.74,45.413,-75.7011,CA
rancon.com.bd,202.40.176.34,23.746,90.382,BD
purplehouse.com.bd,103.159.36.74,23.7018,90.3742,BD
medimart.com.bd,103.187.22.74,23.7018,90.3742,BD
excellence.com.bd,107.6.186.26,52.2832,4.7521,NL
www.hilti.group,23.39.7.170,33.7485,-84.3871,US
agents.traveltoknow.com.bd,136.144.28.207,52.3824,4.8995,NL
ws101.com.bd,74.220.219.171,37.751,-97.822,US
www.taz.com.bd,65.109.59.166,60.1797,24.9344,FI
client.intertest.com.bd,194.163.35.112,1.2868,103.8503,SG
www.banai.com.bd,178.16.136.216,19.0748,72.8856,IN
trendymart.com.bd,103.159.36.162,23.7018,90.3742,BD
www.manhandsame.com,103.213.38.227,23.7018,90.3742,BD
www.vindeshiltd.com.bd,103.138.151.22,23.7018,90.3742,BD
primegroup.com.bd,176.9.54.45,50.4777,12.3649,DE
www.timeout.com.bd,103.161.46.90,23.7018,90.3742,BD
www.digitalsmsfashion.com,103.213.38.227,23.7018,90.3742,BD
paperfly.com.bd,159.89.163.36,12.9634,77.5855,IN
ilab.com.bd,104.152.168.31,43.6319,-79.3716,CA
01soft.com.bd,103.125.255.10,23.7018,90.3742,BD
demo.01soft.com.bd,103.125.255.10,23.7018,90.3742,BD
www.demo.01soft.com.bd,103.125.255.10,23.7018,90.3742,BD
mail.01soft.com.bd,69.13.47.52,37.751,-97.822,US
mail2.01soft.com.bd,69.13.47.52,37.751,-97.822,US
hostmaster.nazmul.01soft.com.bd,103.125.255.10,23.7018,90.3742,BD
mail.nazmul.01soft.com.bd,103.125.255.10,23.7018,90.3742,BD
mail2.nazmul.01soft.com.bd,103.125.255.10,23.7018,90.3742,BD
www.01soft.com.bd,103.125.255.10,23.7018,90.3742,BD
1000cars.com.bd,74.208.42.202,37.751,-97.822,US
1000fix.com.bd,85.187.128.60,1.2868,103.8503,SG
cpanel.1000fix.com.bd,85.187.128.60,1.2868,103.8503,SG
cpcontacts.1000fix.com.bd,85.187.128.60,1.2868,103.8503,SG
mail.1000fix.com.bd,85.187.128.60,1.2868,103.8503,SG
webmail.1000fix.com.bd,85.187.128.60,1.2868,103.8503,SG
1001tk.com.bd,66.29.153.222,37.751,-97.822,US
mail.1001tk.com.bd,66.29.153.222,37.751,-97.822,US
10fix.com.bd,103.161.46.26,23.7018,90.3742,BD
dashboard.10fix.com.bd,103.161.46.26,23.7018,90.3742,BD
www.dashboard.10fix.com.bd,103.161.46.26,23.7018,90.3742,BD
server.10fix.com.bd,103.161.46.26,23.7018,90.3742,BD
www.server.10fix.com.bd,103.161.46.26,23.7018,90.3742,BD
licenses.123.com.bd,15.235.142.144,1.3673,103.8014,SG
pay.123.com.bd,139.99.69.239,1.2868,103.8503,SG
136zz.com.bd,66.85.167.30,33.4475,-112.0866,US
mail.136zz.com.bd,66.85.167.30,33.4475,-112.0866,US
14trees.com.bd,18.202.203.104,53.3379,-6.2591,IE
16engineers.com.bd,84.247.131.154,51.1878,6.8607,DE
admin.16engineers.com.bd,84.247.131.154,51.1878,6.8607,DE
autoconfig.16engineers.com.bd,84.247.131.154,51.1878,6.8607,DE
autodiscover.16engineers.com.bd,84.247.131.154,51.1878,6.8607,DE
mail.16engineers.com.bd,84.247.131.154,51.1878,6.8607,DE
webmail.16engineers.com.bd,84.247.131.154,51.1878,6.8607,DE
www.16engineers.com.bd,84.247.131.154,51.1878,6.8607,DE
1card.com.bd,139.162.27.94,1.2868,103.8503,SG
admin.1card.com.bd,192.46.227.113,1.2868,103.8503,SG
aider.1card.com.bd,192.46.227.113,1.2868,103.8503,SG
api.1card.com.bd,192.46.227.113,1.2868,103.8503,SG
event.1card.com.bd,192.46.227.113,1.2868,103.8503,SG
mail.1card.com.bd,203.190.11.3,23.7908,90.4109,BD
payment.1card.com.bd,192.46.227.113,1.2868,103.8503,SG
recharge.1card.com.bd,192.46.227.113,1.2868,103.8503,SG
1click.com.bd,23.160.161.82,32.8137,-96.8704,US
1idea.com.bd,115.187.18.42,23.7018,90.3742,BD
1news.com.bd,115.187.18.121,23.7018,90.3742,BD
cpanel.1news.com.bd,115.187.18.121,23.7018,90.3742,BD
cpcalendars.1news.com.bd,115.187.18.121,23.7018,90.3742,BD
cpcontacts.1news.com.bd,115.187.18.121,23.7018,90.3742,BD
webdisk.1news.com.bd,115.187.18.121,23.7018,90.3742,BD
21technology.com.bd,103.159.36.109,23.7018,90.3742,BD
247beauty.com.bd,185.151.30.174,51.4964,-0.1224,GB
24bazaar.com.bd,103.138.151.114,23.7018,90.3742,BD
24live.com.bd,95.217.142.125,60.1797,24.9344,FI
24news.com.bd,147.79.72.114,42.3562,-71.0631,US
24service.com.bd,123.49.12.133,23.7018,90.3742,BD
24tv.com.bd,136.243.219.83,50.4777,12.3649,DE
www.archive.24tv.com.bd,136.243.219.83,50.4777,12.3649,DE
cpcalendars.24tv.com.bd,136.243.219.83,50.4777,12.3649,DE
cpcontacts.24tv.com.bd,136.243.219.83,50.4777,12.3649,DE
epaper.24tv.com.bd,136.243.219.83,50.4777,12.3649,DE
www.epaper.24tv.com.bd,136.243.219.83,50.4777,12.3649,DE
project.24tv.com.bd,136.243.219.83,50.4777,12.3649,DE
www.project.24tv.com.bd,136.243.219.83,50.4777,12.3649,DE
webdisk.24tv.com.bd,136.243.219.83,50.4777,12.3649,DE
webmail.24tv.com.bd,136.243.219.83,50.4777,12.3649,DE
2bmultimedia.com.bd,123.49.12.133,23.7018,90.3742,BD
2go.com.bd,66.29.141.203,37.751,-97.822,US
autodiscover.2go.com.bd,66.29.141.203,37.751,-97.822,US
cpanel.2go.com.bd,66.29.141.203,37.751,-97.822,US
cpcontacts.2go.com.bd,66.29.141.203,37.751,-97.822,US
webdisk.2go.com.bd,66.29.141.203,37.751,-97.822,US
2xl.com.bd,103.159.36.18,23.7018,90.3742,BD
cpanel.2xl.com.bd,103.159.36.18,23.7018,90.3742,BD
cpcalendars.2xl.com.bd,103.159.36.18,23.7018,90.3742,BD
cpcontacts.2xl.com.bd,103.159.36.18,23.7018,90.3742,BD
webdisk.2xl.com.bd,103.159.36.18,23.7018,90.3742,BD
webmail.2xl.com.bd,103.159.36.18,23.7018,90.3742,BD
360solutions.com.bd,123.49.12.133,23.7018,90.3742,BD
360tech.com.bd,144.76.168.245,50.4777,12.3649,DE
cpanel.360tech.com.bd,144.76.168.245,50.4777,12.3649,DE
cpcalendars.360tech.com.bd,144.76.168.245,50.4777,12.3649,DE
cpcontacts.360tech.com.bd,144.76.168.245,50.4777,12.3649,DE
webdisk.360tech.com.bd,144.76.168.245,50.4777,12.3649,DE
whm.360tech.com.bd,144.76.168.245,50.4777,12.3649,DE
365.com.bd,149.100.151.114,48.9247,2.3975,FR
coolfix.365.com.bd,149.100.151.114,48.9247,2.3975,FR
techhubps.365.com.bd,149.100.151.114,48.9247,2.3975,FR
39dncc.com.bd,67.223.118.27,37.751,-97.822,US
mail.39dncc.com.bd,67.223.118.27,37.751,-97.822,US
3bro.com.bd,162.240.75.69,43.6138,-116.3972,US
autodiscover.3bro.com.bd,162.240.75.69,43.6138,-116.3972,US
cpcalendars.3bro.com.bd,162.240.75.69,43.6138,-116.3972,US
cpcontacts.3bro.com.bd,162.240.75.69,43.6138,-116.3972,US
3c-solution.com.bd,103.227.176.20,1.3673,103.8014,SG
autodiscover.3c-solution.com.bd,103.227.176.20,1.3673,103.8014,SG
cpanel.3c-solution.com.bd,103.227.176.20,1.3673,103.8014,SG
mail.3c-solution.com.bd,103.227.176.20,1.3673,103.8014,SG
webdisk.3c-solution.com.bd,103.227.176.20,1.3673,103.8014,SG
webmail.3c-solution.com.bd,103.227.176.20,1.3673,103.8014,SG
3dprint.com.bd,95.216.15.82,60.1797,24.9344,FI
3mlogistics.com.bd,162.251.80.223,37.751,-97.822,US
3phase.com.bd,148.163.93.109,33.4168,-112.0268,US
3rnet.com.bd,156.67.105.89,19.0748,72.8856,IN
admin.3rnet.com.bd,114.31.27.2,26.0268,88.9148,BD
cpcalendars.3rnet.com.bd,156.67.105.89,19.0748,72.8856,IN
cpcontacts.3rnet.com.bd,156.67.105.89,19.0748,72.8856,IN
mail.3rnet.com.bd,156.67.105.89,19.0748,72.8856,IN
www.mail.3rnet.com.bd,156.67.105.89,19.0748,72.8856,IN
user.3rnet.com.bd,114.31.27.3,26.0268,88.9148,BD
www.user.3rnet.com.bd,114.31.27.3,26.0268,88.9148,BD
webdisk.3rnet.com.bd,156.67.105.89,19.0748,72.8856,IN
3stech.com.bd,85.187.128.46,1.2868,103.8503,SG
autodiscover.3stech.com.bd,85.187.128.46,1.2868,103.8503,SG
cpanel.3stech.com.bd,85.187.128.46,1.2868,103.8503,SG
cpcalendars.3stech.com.bd,85.187.128.46,1.2868,103.8503,SG
cpcontacts.3stech.com.bd,85.187.128.46,1.2868,103.8503,SG
mail.3stech.com.bd,85.187.128.46,1.2868,103.8503,SG
webdisk.3stech.com.bd,85.187.128.46,1.2868,103.8503,SG
webmail.3stech.com.bd,85.187.128.46,1.2868,103.8503,SG
4dfilms.com.bd,162.0.232.72,37.751,-97.822,US
cpanel.4dfilms.com.bd,162.0.232.72,37.751,-97.822,US
cpcalendars.4dfilms.com.bd,162.0.232.72,37.751,-97.822,US
4dsolution.com.bd,77.79.239.202,52.2296,21.0067,PL
cpcalendars.4dsolution.com.bd,77.79.239.202,52.2296,21.0067,PL
webdisk.4dsolution.com.bd,77.79.239.202,52.2296,21.0067,PL
webmail.4dsolution.com.bd,77.79.239.202,52.2296,21.0067,PL
4mgroup.com.bd,65.21.170.252,60.1797,24.9344,FI
4mgroupbd.4mgroup.com.bd,65.21.170.252,60.1797,24.9344,FI
www.4mgroupbd.4mgroup.com.bd,65.21.170.252,60.1797,24.9344,FI
4mgroup.com.bd.4mgroup.com.bd,65.21.170.252,60.1797,24.9344,FI
www.4mgroup.com.bd.4mgroup.com.bd,65.21.170.252,60.1797,24.9344,FI
cpanel.4mgroup.com.bd,65.21.170.252,60.1797,24.9344,FI
cpcalendars.4mgroup.com.bd,65.21.170.252,60.1797,24.9344,FI
cpcontacts.4mgroup.com.bd,65.21.170.252,60.1797,24.9344,FI
4tech.com.bd,109.203.112.112,51.4964,-0.1224,GB
5m.com.bd,70.32.23.113,37.751,-97.822,US
autodiscover.5m.com.bd,70.32.23.113,37.751,-97.822,US
cpanel.5m.com.bd,70.32.23.113,37.751,-97.822,US
cpcalendars.5m.com.bd,70.32.23.113,37.751,-97.822,US
cpcontacts.5m.com.bd,70.32.23.113,37.751,-97.822,US
mail.5m.com.bd,70.32.23.113,37.751,-97.822,US
webdisk.5m.com.bd,70.32.23.113,37.751,-97.822,US
webmail.5m.com.bd,70.32.23.113,37.751,-97.822,US
5starmobiles.com.bd,104.161.44.172,37.751,-97.822,US
beta.5starmobiles.com.bd,104.161.44.172,37.751,-97.822,US
cpcalendars.5starmobiles.com.bd,104.161.44.172,37.751,-97.822,US
old.5starmobiles.com.bd,104.161.44.172,37.751,-97.822,US
test.5starmobiles.com.bd,104.161.44.172,37.751,-97.822,US
www.test.5starmobiles.com.bd,104.161.44.172,37.751,-97.822,US
70mai.com.bd,157.173.220.124,19.0748,72.8856,IN
mail.70mai.com.bd,157.173.220.124,19.0748,72.8856,IN
777sourcingltd.com.bd,15.235.183.116,1.3673,103.8014,SG
cpanel.777sourcingltd.com.bd,15.235.183.116,1.3673,103.8014,SG
cpcalendars.777sourcingltd.com.bd,15.235.183.116,1.3673,103.8014,SG
cpcontacts.777sourcingltd.com.bd,15.235.183.116,1.3673,103.8014,SG
7starbeauty.com.bd,103.163.246.91,23.7018,90.3742,BD
cpanel.7starbeauty.com.bd,103.163.246.91,23.7018,90.3742,BD
cpcalendars.7starbeauty.com.bd,103.163.246.91,23.7018,90.3742,BD
cpcontacts.7starbeauty.com.bd,103.163.246.91,23.7018,90.3742,BD
server.7starbeauty.com.bd,34.126.138.154,1.2868,103.8503,SG
www.server.7starbeauty.com.bd,103.163.246.91,23.7018,90.3742,BD
webdisk.7starbeauty.com.bd,103.163.246.91,23.7018,90.3742,BD
webmail.7starbeauty.com.bd,103.163.246.91,23.7018,90.3742,BD
7starhut.com.bd,103.187.22.74,23.7018,90.3742,BD
7t1.com.bd,66.235.200.146,37.751,-97.822,US
autodiscover.7t1.com.bd,162.241.253.60,37.751,-97.822,US
cpcalendars.7t1.com.bd,162.241.253.60,37.751,-97.822,US
mail.7t1.com.bd,162.241.253.60,37.751,-97.822,US
webmail.7t1.com.bd,162.241.253.60,37.751,-97.822,US
8bit.com.bd,185.151.30.220,51.4964,-0.1224,GB
91mobiles.com.bd,147.79.79.8,42.3562,-71.0631,US
925.com.bd,23.227.38.65,45.413,-75.7011,CA
99it.com.bd,103.112.62.28,23.7529,90.4267,BD
a1qa.com.bd,213.130.74.50,60.1797,24.9344,FI
www.a1qa.com.bd,213.130.74.50,60.1797,24.9344,FI
a1traders.com.bd,103.138.151.6,23.7018,90.3742,BD
a2arena.com.bd,162.0.209.181,37.751,-97.822,US
autodiscover.a2arena.com.bd,162.0.209.181,37.751,-97.822,US
cpanel.a2arena.com.bd,162.0.209.181,37.751,-97.822,US
cpcalendars.a2arena.com.bd,162.0.209.181,37.751,-97.822,US
cpcontacts.a2arena.com.bd,162.0.209.181,37.751,-97.822,US
mail.a2arena.com.bd,162.0.209.181,37.751,-97.822,US
webdisk.a2arena.com.bd,162.0.209.181,37.751,-97.822,US
webmail.a2arena.com.bd,162.0.209.181,37.751,-97.822,US
a2p.com.bd,104.247.108.12,37.751,-97.822,US
www.a2p.com.bd,104.247.108.12,37.751,-97.822,US
a2s.com.bd,115.187.18.37,23.7018,90.3742,BD
cpcalendars.a2s.com.bd,115.187.18.37,23.7018,90.3742,BD
cpcontacts.a2s.com.bd,115.187.18.37,23.7018,90.3742,BD
webdisk.a2s.com.bd,115.187.18.37,23.7018,90.3742,BD
webmail.a2s.com.bd,115.187.18.37,23.7018,90.3742,BD
a2zbazar.com.bd,123.49.12.133,23.7018,90.3742,BD
a2zit.com.bd,115.187.18.53,23.7018,90.3742,BD
uniapply.ac.a2zit.com.bd,115.187.18.53,23.7018,90.3742,BD
www.uniapply.ac.a2zit.com.bd,115.187.18.53,23.7018,90.3742,BD
akasnil.a2zit.com.bd,115.187.18.53,23.7018,90.3742,BD
www.akasnil.a2zit.com.bd,115.187.18.53,23.7018,90.3742,BD
bnh.a2zit.com.bd,115.187.18.53,23.7018,90.3742,BD
www.bnh.a2zit.com.bd,115.187.18.53,23.7018,90.3742,BD
greenpower-pb.com.a2zit.com.bd,115.187.18.53,23.7018,90.3742,BD
www.greenpower-pb.com.a2zit.com.bd,115.187.18.53,23.7018,90.3742,BD
cpanel.a2zit.com.bd,115.187.18.53,23.7018,90.3742,BD
forthepeoplebd.a2zit.com.bd,115.187.18.53,23.7018,90.3742,BD
www.forthepeoplebd.a2zit.com.bd,115.187.18.53,23.7018,90.3742,BD
www.fwf.a2zit.com.bd,115.187.18.53,23.7018,90.3742,BD
rent.a2zit.com.bd,115.187.18.53,23.7018,90.3742,BD
www.rent.a2zit.com.bd,115.187.18.53,23.7018,90.3742,BD
webdisk.a2zit.com.bd,115.187.18.53,23.7018,90.3742,BD
webmail.a2zit.com.bd,115.187.18.53,23.7018,90.3742,BD
a2zplus.com.bd,142.93.221.174,12.9634,77.5855,IN
a2ztechnologies.com.bd,123.49.12.133,23.7018,90.3742,BD
a4admission.com.bd,163.53.182.106,23.7018,90.3742,BD
test.a4admission.com.bd,163.53.182.106,23.7018,90.3742,BD
www.test.a4admission.com.bd,163.53.182.106,23.7018,90.3742,BD
aaacreations.com.bd,162.222.226.174,37.751,-97.822,US
aaafashion.com.bd,202.59.140.116,23.7018,90.3742,BD
aaaltd.com.bd,103.159.36.74,23.7018,90.3742,BD
akash.aaaltd.com.bd,103.159.36.74,23.7018,90.3742,BD
www.akash.aaaltd.com.bd,103.159.36.74,23.7018,90.3742,BD
autodiscover.aaatrading.com.bd,192.185.194.112,37.751,-97.822,US
cpcalendars.aaatrading.com.bd,192.185.194.112,37.751,-97.822,US
cpcontacts.aaatrading.com.bd,192.185.194.112,37.751,-97.822,US
webdisk.aaatrading.com.bd,192.185.194.112,37.751,-97.822,US
aabad.com.bd,185.151.30.140,51.4964,-0.1224,GB
www.aabad.com.bd,185.151.30.140,51.4964,-0.1224,GB
aac.com.bd,107.155.81.58,32.8137,-96.8704,US
cpcalendars.aac.com.bd,107.155.81.58,32.8137,-96.8704,US
cpcontacts.aac.com.bd,107.155.81.58,32.8137,-96.8704,US
webdisk.aac.com.bd,107.155.81.58,32.8137,-96.8704,US
webmail.aac.com.bd,107.155.81.58,32.8137,-96.8704,US
aagrow.com.bd,85.195.78.42,50.1187,8.6842,DE
aakar.com.bd,123.49.12.133,23.7018,90.3742,BD
aalan.com.bd,202.4.96.3,23.7908,90.4109,BD
cpcalendars.aalan.com.bd,202.4.96.3,23.7908,90.4109,BD
cpcontacts.aalan.com.bd,202.4.96.3,23.7908,90.4109,BD
mail.aalan.com.bd,202.4.96.3,23.7908,90.4109,BD
aalmirah.com.bd,103.138.151.6,23.7018,90.3742,BD
mail.aamarshop.com.bd,162.0.229.55,37.751,-97.822,US
aamirieccentric.com.bd,145.223.124.112,42.3562,-71.0631,US
ecomapi.aamirieccentric.com.bd,194.163.38.221,1.2868,103.8503,SG
gibbsgroupengineers.aamirieccentric.com.bd,194.163.38.221,1.2868,103.8503,SG
visionariz.aamirieccentric.com.bd,194.163.38.221,1.2868,103.8503,SG
aaml.com.bd,151.106.103.87,35.5947,-82.5545,US
cpanel.aaml.com.bd,151.106.103.87,35.5947,-82.5545,US
cpcalendars.aaml.com.bd,151.106.103.87,35.5947,-82.5545,US
cpcontacts.aaml.com.bd,151.106.103.87,35.5947,-82.5545,US
webdisk.aaml.com.bd,151.106.103.87,35.5947,-82.5545,US
aamra.com.bd,203.202.244.11,23.7534,90.3722,BD
authlog1.aamra.com.bd,202.74.244.30,23.7948,90.4096,BD
aws.aamra.com.bd,203.202.244.11,23.7534,90.3722,BD
blog.aamra.com.bd,182.160.96.130,23.7086,90.4017,BD
contracts.aamra.com.bd,182.160.96.130,23.7086,90.4017,BD
ctaap.aamra.com.bd,182.160.99.190,23.7272,90.4093,BD
ems.aamra.com.bd,182.160.99.140,23.7272,90.4093,BD
mail.exchange.aamra.com.bd,45.64.135.220,23.166,90.2079,BD
expwith.aamra.com.bd,116.206.56.211,23.7018,90.3742,BD
map.aamra.com.bd,45.64.135.206,23.166,90.2079,BD
mdcbill.aamra.com.bd,203.202.244.14,23.7534,90.3722,BD
movies.aamra.com.bd,45.64.135.75,23.166,90.2079,BD
newsletter.aamra.com.bd,182.160.96.130,23.7086,90.4017,BD
people.aamra.com.bd,203.202.244.11,23.7534,90.3722,BD
pms.aamra.com.bd,182.160.96.130,23.7086,90.4017,BD
projects.aamra.com.bd,182.160.96.130,23.7086,90.4017,BD
staff.aamra.com.bd,182.160.99.140,23.7272,90.4093,BD
surveillance.aamra.com.bd,182.160.96.130,23.7086,90.4017,BD
vatcal.aamra.com.bd,203.202.244.14,23.7534,90.3722,BD
webmail.vatcal.aamra.com.bd,45.64.135.68,23.166,90.2079,BD
wetext.aamra.com.bd,182.160.96.234,23.7086,90.4017,BD
www.aamra.com.bd,203.202.244.11,23.7534,90.3722,BD
aaraa.com.bd,103.148.14.50,23.7018,90.3742,BD
akaunting.aaraa.com.bd,103.148.14.50,23.7018,90.3742,BD
www.akaunting.aaraa.com.bd,103.148.14.50,23.7018,90.3742,BD
careguru.aaraa.com.bd,103.148.14.50,23.7018,90.3742,BD
www.chowa.aaraa.com.bd,137.59.155.162,23.746,90.382,BD
cpanel.aaraa.com.bd,103.148.14.50,23.7018,90.3742,BD
cpcalendars.aaraa.com.bd,103.148.14.50,23.7018,90.3742,BD
cpcontacts.aaraa.com.bd,103.148.14.50,23.7018,90.3742,BD
www.erpgo.aaraa.com.bd,103.148.14.50,23.7018,90.3742,BD
www.gdoo.aaraa.com.bd,137.59.155.162,23.746,90.382,BD
www.healtherp.aaraa.com.bd,137.59.155.162,23.746,90.382,BD
www.mailwizz.aaraa.com.bd,103.148.14.50,23.7018,90.3742,BD
www.meddream.aaraa.com.bd,137.59.155.162,23.746,90.382,BD
www.ohic.aaraa.com.bd,137.59.155.162,23.746,90.382,BD
orthanc.aaraa.com.bd,137.59.155.163,23.746,90.382,BD
www.orthanc.aaraa.com.bd,137.59.155.163,23.746,90.382,BD
www.rerp.aaraa.com.bd,103.148.14.50,23.7018,90.3742,BD
webdisk.aaraa.com.bd,103.148.14.50,23.7018,90.3742,BD
webmail.aaraa.com.bd,103.148.14.50,23.7018,90.3742,BD
www.xnat.aaraa.com.bd,137.59.155.162,23.746,90.382,BD
aarashi.com.bd,85.187.128.47,1.2868,103.8503,SG
aarashi.aarashi.com.bd,85.187.128.47,1.2868,103.8503,SG
autodiscover.aarashi.com.bd,85.187.128.47,1.2868,103.8503,SG
cpanel.aarashi.com.bd,85.187.128.47,1.2868,103.8503,SG
cpcalendars.aarashi.com.bd,85.187.128.47,1.2868,103.8503,SG
cpcontacts.aarashi.com.bd,85.187.128.47,1.2868,103.8503,SG
www.live.aarashi.com.bd,85.187.128.47,1.2868,103.8503,SG
mail.aarashi.com.bd,85.187.128.47,1.2868,103.8503,SG
webdisk.aarashi.com.bd,85.187.128.47,1.2868,103.8503,SG
webmail.aarashi.com.bd,85.187.128.47,1.2868,103.8503,SG
cpanel.aarks.com.bd,66.29.146.71,37.751,-97.822,US
webdisk.aarks.com.bd,66.29.146.71,37.751,-97.822,US
aaronjeans.com.bd,93.127.192.47,52.6959,6.1847,NL
admin.aaroz.com.bd,185.190.140.156,51.1878,6.8607,DE
www.aaroz.com.bd,185.190.140.156,51.1878,6.8607,DE
aasl.com.bd,192.185.102.36,37.751,-97.822,US
cpcontacts.aasl.com.bd,192.185.102.36,37.751,-97.822,US
mail.aasl.com.bd,192.185.102.36,37.751,-97.822,US
aasoft.com.bd,103.144.200.37,23.7731,90.3657,BD
aaa.aasoft.com.bd,103.169.94.140,23.7018,90.3742,BD
dti.aasoft.com.bd,103.169.94.140,23.7018,90.3742,BD
radius.aasoft.com.bd,103.169.94.140,23.7018,90.3742,BD
www.aasoft.com.bd,103.144.200.37,23.7731,90.3657,BD
aastha.com.bd,192.185.4.101,37.751,-97.822,US
aat.com.bd,162.0.232.82,37.751,-97.822,US
mail.aat.com.bd,162.0.232.82,37.751,-97.822,US
aatech.com.bd,116.202.157.122,50.4777,12.3649,DE
ims.aatech.com.bd,116.202.157.122,50.4777,12.3649,DE
mail.aatech.com.bd,116.202.157.122,50.4777,12.3649,DE
webmail.aatech.com.bd,116.202.157.122,50.4777,12.3649,DE
aawaj.com.bd,35.213.139.166,1.2868,103.8503,SG
aayan.com.bd,148.135.48.235,34.0514,-118.2707,US
www.app.aayan.com.bd,148.135.48.235,34.0514,-118.2707,US
www.check.aayan.com.bd,148.135.48.235,34.0514,-118.2707,US
shadikshop.com.aayan.com.bd,148.135.48.235,34.0514,-118.2707,US
www.shadikshop.com.aayan.com.bd,148.135.48.235,34.0514,-118.2707,US
cpanel.aayan.com.bd,148.135.48.235,34.0514,-118.2707,US
www.edu24hrs.aayan.com.bd,148.135.48.235,34.0514,-118.2707,US
aayesh.com.bd,43.224.110.191,24.9328,91.8739,BD
www.aayesh.com.bd,43.224.110.191,24.9328,91.8739,BD
ab.com.bd,205.175.241.128,41.3179,-81.3471,US
abad.com.bd,123.49.12.133,23.7018,90.3742,BD
abadiagro.com.bd,67.222.137.239,37.6374,-75.7466,US
abas.com.bd,103.174.152.18,23.7018,90.3742,BD
cpcontacts.abas.com.bd,103.174.152.18,23.7018,90.3742,BD
webdisk.abas.com.bd,103.174.152.18,23.7018,90.3742,BD
webmail.abas.com.bd,103.174.152.18,23.7018,90.3742,BD
abazar.com.bd,192.99.9.146,43.7941,-79.7011,CA
mail.abazar.com.bd,192.99.9.146,43.7941,-79.7011,CA
mail.mail.abazar.com.bd,192.99.9.146,43.7941,-79.7011,CA
server.abazar.com.bd,192.99.9.146,43.7941,-79.7011,CA
abbank.com.bd,216.219.81.50,37.751,-97.822,US
abcbd.com.bd,192.185.10.247,37.751,-97.822,US
webmail.abcbd.com.bd,192.185.10.247,37.751,-97.822,US
abcbpl.com.bd,103.134.69.3,23.7018,90.3742,BD
abcde.com.bd,65.21.170.252,60.1797,24.9344,FI
cpanel.abcde.com.bd,65.21.170.252,60.1797,24.9344,FI
cpcalendars.abcde.com.bd,65.21.170.252,60.1797,24.9344,FI
cpcontacts.abcde.com.bd,65.21.170.252,60.1797,24.9344,FI
jobs.abcde.com.bd,65.21.170.252,60.1797,24.9344,FI
webdisk.abcde.com.bd,65.21.170.252,60.1797,24.9344,FI
webmail.abcde.com.bd,65.21.170.252,60.1797,24.9344,FI
abcfl.com.bd,103.134.69.3,23.7018,90.3742,BD
abcgroup.com.bd,131.153.46.90,1.2982,103.7836,SG
ban.abcgroup.com.bd,131.153.46.90,1.2982,103.7836,SG
bpl.abcgroup.com.bd,131.153.46.90,1.2982,103.7836,SG
con.abcgroup.com.bd,131.153.46.90,1.2982,103.7836,SG
rel.abcgroup.com.bd,131.153.46.90,1.2982,103.7836,SG
www.abcgroup.com.bd,131.153.46.90,1.2982,103.7836,SG
abcitpark.com.bd,157.245.107.251,12.9634,77.5855,IN
www.abcitpark.com.bd,157.245.107.251,12.9634,77.5855,IN
abcl.com.bd,95.217.107.56,60.1797,24.9344,FI
cpanel.abcl.com.bd,95.217.107.56,60.1797,24.9344,FI
cpcalendars.abcl.com.bd,95.217.107.56,60.1797,24.9344,FI
cpcontacts.abcl.com.bd,95.217.107.56,60.1797,24.9344,FI
mail.abcl.com.bd,95.217.107.56,60.1797,24.9344,FI
server.abcl.com.bd,109.70.148.62,51.5088,-0.093,GB
www.server.abcl.com.bd,109.70.148.62,51.5088,-0.093,GB
webdisk.abcl.com.bd,95.217.107.56,60.1797,24.9344,FI
webmail.abcl.com.bd,109.70.148.62,51.5088,-0.093,GB
www.abcl.com.bd,95.217.107.56,60.1797,24.9344,FI
abclnc.com.bd,192.185.10.247,37.751,-97.822,US
mail.abclnc.com.bd,192.185.10.247,37.751,-97.822,US
abcltd.com.bd,199.250.194.93,37.751,-97.822,US
autodiscover.abcltd.com.bd,199.250.194.93,37.751,-97.822,US
cpanel.abcltd.com.bd,199.250.194.93,37.751,-97.822,US
cpcalendars.abcltd.com.bd,199.250.194.93,37.751,-97.822,US
citytouch.com.bd,103.29.105.155,23.7018,90.3742,BD
www.primebank.com.bd,103.118.0.34,23.7018,90.3742,BD
www.southeastbank.com.bd,103.226.122.11,23.7018,90.3742,BD
www.sslcommerz.com.bd,103.26.139.120,23.7018,90.3742,BD
www.cotecna.com.bd,195.64.164.87,48.8582,2.3387,FR
robi.com.bd,202.134.12.124,23.7427,90.4248,BD
ibanking.southeastbank.com.bd,103.226.122.114,23.7018,90.3742,BD
google.com.bd,142.250.98.94,37.751,-97.822,US
mail.labtex.com.bd,103.105.74.30,23.7018,90.3742,BD
mail.tcel.com.bd,103.105.74.30,23.7018,90.3742,BD
autodiscover.coca-cola.com.bd,52.96.35.8,38.7095,-78.1539,US
autodiscover.centro.com.bd,52.96.88.40,38.7095,-78.1539,US
centro.com.bd,139.99.7.170,1.2868,103.8503,SG
exchange.aamra.com.bd,45.64.135.220,23.166,90.2079,BD
infolink.com.bd,154.89.7.100,-4.5833,55.6667,SC
mail.infolink.com.bd,154.89.7.100,-4.5833,55.6667,SC
www.infolink.com.bd,154.89.7.100,-4.5833,55.6667,SC
lyncconf.tchibo.com.bd,194.115.167.109,51.2993,9.491,DE
sip.tchibo.com.bd,194.115.167.117,51.2993,9.491,DE
sa.primebank.com.bd,103.118.0.36,23.7018,90.3742,BD
fabrica.com.bd,107.181.234.46,41.2713,-111.9881,US
www.fabrica.com.bd,107.181.234.46,41.2713,-111.9881,US
career.keal.com.bd,170.10.162.86,37.751,-97.822,US
www.career.keal.com.bd,170.10.162.86,37.751,-97.822,US
people.keal.com.bd,170.10.162.86,37.751,-97.822,US
www.people.keal.com.bd,170.10.162.86,37.751,-97.822,US
apparelmania.com.bd,103.244.115.2,22.2578,114.1657,HK
www.apparelmania.com.bd,103.244.115.2,22.2578,114.1657,HK
propel.com.bd,123.49.12.133,23.7018,90.3742,BD
www.propel.com.bd,123.49.12.133,23.7018,90.3742,BD
easybilling.com.bd,35.247.149.95,1.2868,103.8503,SG
itbazaar.com.bd,167.71.213.14,1.3078,103.6818,SG
glamtouch.com.bd,103.138.150.18,23.7018,90.3742,BD
www.glamtouch.com.bd,103.138.150.18,23.7018,90.3742,BD
youtube.com.bd,74.125.141.190,37.751,-97.822,US
banbiz.com.bd,131.153.48.202,1.2982,103.7836,SG
www.banbiz.com.bd,131.153.48.202,1.2982,103.7836,SG
how.com.bd,38.46.221.191,40.5247,-111.8638,US
www.how.com.bd,38.46.221.191,40.5247,-111.8638,US
holoplus.com.bd,107.178.101.172,33.4168,-112.0268,US
www.holoplus.com.bd,107.178.101.172,33.4168,-112.0268,US
dailyprobaha.com.bd,193.203.185.167,19.0748,72.8856,IN
www.dailyprobaha.com.bd,193.203.185.167,19.0748,72.8856,IN
shaheenfood.com.bd,216.98.11.228,38.581,-121.4939,US
www.shaheenfood.com.bd,216.98.11.228,38.581,-121.4939,US
apps.helpline.com.bd,103.163.246.85,23.7018,90.3742,BD
helpline.com.bd,103.163.246.85,23.7018,90.3742,BD
www.apps.helpline.com.bd,103.163.246.85,23.7018,90.3742,BD
www.helpline.com.bd,103.163.246.85,23.7018,90.3742,BD
ecatalog.powercom.com.bd,216.98.11.228,38.581,-121.4939,US
email.powercom.com.bd,216.98.11.228,38.581,-121.4939,US
powercom.com.bd,216.98.11.228,38.581,-121.4939,US
www.ecatalog.powercom.com.bd,216.98.11.228,38.581,-121.4939,US
www.email.powercom.com.bd,216.98.11.228,38.581,-121.4939,US
www.powercom.com.bd,216.98.11.228,38.581,-121.4939,US
demo.tos.com.bd,139.99.115.114,1.2868,103.8503,SG
hamdard.com.bd,103.174.50.11,23.7018,90.3742,BD
mail.hamdard.com.bd,103.174.50.11,23.7018,90.3742,BD
web.hamdard.com.bd,103.174.50.11,23.7018,90.3742,BD
www.hamdard.com.bd,103.174.50.11,23.7018,90.3742,BD
impex.com.bd,172.106.3.53,32.8137,-96.8704,US
kaymu.com.bd,8.219.71.235,1.3673,103.8014,SG
rrmgroup.com.bd,88.198.65.21,50.4777,12.3649,DE
www.rrmgroup.com.bd,88.198.65.21,50.4777,12.3649,DE
intimates.com.bd,38.46.221.191,40.5247,-111.8638,US
www.intimates.com.bd,38.46.221.191,40.5247,-111.8638,US
krishibari.com.bd,198.54.115.96,37.751,-97.822,US
www.krishibari.com.bd,198.54.115.96,37.751,-97.822,US
www.utl.com.bd,162.0.229.250,37.751,-97.822,US
farmex.com.bd,38.101.149.233,40.5247,-111.8638,US
webmail.farmex.com.bd,38.101.149.233,40.5247,-111.8638,US
www.farmex.com.bd,38.101.149.233,40.5247,-111.8638,US
www.webmail.farmex.com.bd,38.101.149.233,40.5247,-111.8638,US
icc.com.bd,103.41.213.42,23.7018,90.3742,BD
www.icc.com.bd,103.41.213.42,23.7018,90.3742,BD
profmohammadali.com.bd,5.9.153.8,50.4777,12.3649,DE
buynow.com.bd,89.116.134.182,19.0748,72.8856,IN
www.fairandlovely.com.bd,96.17.39.162,33.7485,-84.3871,US
daraz.com.bd,47.246.167.152,1.3673,103.8014,SG
aspc.com.bd,103.187.22.74,23.7018,90.3742,BD
www.aspc.com.bd,103.187.22.74,23.7018,90.3742,BD
pathway.com.bd,68.65.121.150,40.3912,-77.8701,US
www.pathway.com.bd,68.65.121.150,40.3912,-77.8701,US
pod.com.bd,68.65.121.150,40.3912,-77.8701,US
www.pod.com.bd,68.65.121.150,40.3912,-77.8701,US
www.kaz.com.bd,198.49.23.144,37.751,-97.822,US
results.com.bd,147.79.79.160,42.3562,-71.0631,US
ait.com.bd,123.49.12.133,23.7018,90.3742,BD
www.ait.com.bd,123.49.12.133,23.7018,90.3742,BD
dialin.robi.com.bd,202.134.12.68,23.7427,90.4248,BD
fepool1.robi.com.bd,202.134.12.68,23.7427,90.4248,BD
meet.robi.com.bd,202.134.12.69,23.7427,90.4248,BD
realestates.com.bd,64.188.2.199,33.956,-118.3887,US
hifi.com.bd,68.66.226.110,37.751,-97.822,US
scholarship.dipti.com.bd,203.190.11.3,23.7908,90.4109,BD
allmarket.com.bd,80.65.208.238,19.0748,72.8856,IN
jbdit.com.bd,63.250.47.229,37.751,-97.822,US
venture.com.bd,203.190.11.3,23.7908,90.4109,BD
www.venture.com.bd,203.190.11.3,23.7908,90.4109,BD
blog.venture.com.bd,203.190.11.3,23.7908,90.4109,BD
tos.com.bd,103.174.152.232,23.7018,90.3742,BD
callcenter.com.bd,64.188.2.224,33.956,-118.3887,US
daffodil.com.bd,203.190.10.99,23.7908,90.4109,BD
www.daffodil.com.bd,203.190.10.99,23.7908,90.4109,BD
bd.daffodil.com.bd,203.190.11.3,23.7908,90.4109,BD
dipti.com.bd,203.190.11.3,23.7908,90.4109,BD
www.dipti.com.bd,203.190.11.3,23.7908,90.4109,BD
ise.com.bd,172.106.163.151,32.7797,-96.8022,US
mib.com.bd,192.110.160.67,33.4168,-112.0268,US
mcq.com.bd,91.108.107.166,19.0748,72.8856,IN
www.mcq.com.bd,91.108.107.166,19.0748,72.8856,IN
unitedfinance.com.bd,192.186.223.65,37.751,-97.822,US
www.unitedfinance.com.bd,192.186.223.65,37.751,-97.822,US
www.regus.com.bd,45.60.196.10,37.751,-97.822,US
server27.greenweb.com.bd,139.99.113.92,1.2868,103.8503,SG
emart.com.bd,103.133.142.57,23.7731,90.3657,BD
betterlife.com.bd,198.54.116.159,37.751,-97.822,US
www.betterlife.com.bd,198.54.116.159,37.751,-97.822,US
mail.teletalk.com.bd,103.230.107.245,23.7004,90.4287,BD
staging.starthealthystayhealthy.com.bd,216.255.78.165,37.751,-97.822,US
ib.primebank.com.bd,122.144.14.125,23.7018,90.3742,BD
www.nccbank.com.bd,66.226.74.252,37.751,-97.822,US
www.thecitybank.com.bd,123.49.12.133,23.7018,90.3742,BD
ar.com.bd,103.169.160.181,23.7018,90.3742,BD
www.itbazaar.com.bd,167.71.213.14,1.3078,103.6818,SG
bdbl.com.bd,159.13.21.220,23.8483,90.4082,BD
bdcloud.com.bd,103.163.247.40,23.7018,90.3742,BD
security.com.bd,65.21.170.252,60.1797,24.9344,FI
www.security.com.bd,65.21.170.252,60.1797,24.9344,FI
sbit.com.bd,144.76.42.188,50.4777,12.3649,DE
www.sbit.com.bd,144.76.42.188,50.4777,12.3649,DE
amarit.com.bd,38.46.221.191,40.5247,-111.8638,US
smengineering.com.bd,38.46.221.191,40.5247,-111.8638,US
www.smengineering.com.bd,38.46.221.191,40.5247,-111.8638,US
fastcloud.com.bd,123.49.12.133,23.7018,90.3742,BD
arcom.com.bd,103.169.160.181,23.7018,90.3742,BD
kk.com.bd,85.187.128.57,1.2868,103.8503,SG
itworld.com.bd,103.138.150.37,23.7018,90.3742,BD
www.itworld.com.bd,103.138.150.37,23.7018,90.3742,BD
saengineering.com.bd,162.241.24.218,37.751,-97.822,US
www.saengineering.com.bd,162.241.24.218,37.751,-97.822,US
ags.com.bd,66.85.147.27,33.4475,-112.0866,US
www.ags.com.bd,66.85.147.27,33.4475,-112.0866,US
dorkari.com.bd,139.59.95.224,12.9634,77.5855,IN
www.dorkari.com.bd,139.59.95.224,12.9634,77.5855,IN
www.americanexpress.com.bd,67.227.234.56,37.751,-97.822,US
comfort.com.bd,103.191.178.40,23.7018,90.3742,BD
autodiscover.hams.com.bd,103.140.95.187,23.7018,90.3742,BD
hams.com.bd,103.140.94.50,23.7018,90.3742,BD
mail.hams.com.bd,103.140.95.20,23.7018,90.3742,BD
www.hams.com.bd,103.140.94.50,23.7018,90.3742,BD
www.4dsolution.com.bd,77.79.239.202,52.2296,21.0067,PL
exin.com.bd,103.29.180.82,23.7018,90.3742,BD
m.freelancer.com.bd,23.79.188.196,33.9521,-84.5475,US
blueline.com.bd,123.49.12.133,23.7018,90.3742,BD
meghdoot.com.bd,139.59.96.202,1.3078,103.6818,SG
century.com.bd,123.49.12.133,23.7018,90.3742,BD
www.century.com.bd,123.49.12.133,23.7018,90.3742,BD
www.hsbc.com.bd,184.26.137.8,33.7485,-84.3871,US
*.emarket.com.bd,50.87.144.147,37.751,-97.822,US
emarket.com.bd,50.87.144.147,37.751,-97.822,US
autodiscover.primebank.com.bd,103.118.0.45,23.7018,90.3742,BD
webmail.primebank.com.bd,103.118.0.45,23.7018,90.3742,BD
gng.com.bd,74.48.32.66,34.0544,-118.2441,US
www.gng.com.bd,74.48.32.66,34.0544,-118.2441,US
toa.com.bd,208.113.191.146,37.751,-97.822,US
www.toa.com.bd,208.113.191.146,37.751,-97.822,US
olefins.com.bd,103.187.22.30,23.7018,90.3742,BD
www.olefins.com.bd,103.187.22.30,23.7018,90.3742,BD
consiglieri.com.bd,23.239.109.118,37.751,-97.822,US
www.consiglieri.com.bd,23.239.109.118,37.751,-97.822,US
athena.com.bd,159.223.86.211,1.3078,103.6818,SG
cpanel.intercloud.com.bd,163.53.149.2,23.7018,90.3742,BD
garmentjobs.com.bd,103.113.152.124,23.7018,90.3742,BD
cis.com.bd,198.252.98.42,34.0544,-118.244,US
www.cis.com.bd,198.252.98.42,34.0544,-118.244,US
musafir.com.bd,192.250.235.21,1.2868,103.8503,SG
www.musafir.com.bd,192.250.235.21,1.2868,103.8503,SG
actualfashionbdltd.com.bd,38.101.149.233,40.5247,-111.8638,US
www.actualfashionbdltd.com.bd,38.101.149.233,40.5247,-111.8638,US
www.surfexcel.com.bd,96.17.33.125,33.7485,-84.3871,US
sci.com.bd,192.254.233.248,37.751,-97.822,US
www.sci.com.bd,192.254.233.248,37.751,-97.822,US
gisc.com.bd,123.49.12.133,23.7018,90.3742,BD
www.gisc.com.bd,123.49.12.133,23.7018,90.3742,BD
mail.renaissance.com.bd,103.30.188.12,23.7018,90.3742,BD
bdkor.com.bd,103.138.151.26,23.7018,90.3742,BD
www.bdkor.com.bd,103.138.151.26,23.7018,90.3742,BD
errorlab.com.bd,195.179.236.220,33.4475,-112.0866,US
www.errorlab.com.bd,195.179.236.220,33.4475,-112.0866,US
nazmul.com.bd,151.101.65.195,37.7642,-122.3993,US
www.nazmul.com.bd,151.101.65.195,37.7642,-122.3993,US
code.mig.kaz.com.bd,128.199.164.255,1.3078,103.6818,SG
keal.com.bd,170.10.162.86,37.751,-97.822,US
www.keal.com.bd,170.10.162.86,37.751,-97.822,US
companyregister.com.bd,217.65.97.71,46.9713,18.9458,HU
stage.babel.kaz.com.bd,45.55.251.204,40.8364,-74.1403,US
talk2.babel.kaz.com.bd,45.55.251.204,40.8364,-74.1403,US
beaconpharma.com.bd,51.79.181.68,1.2868,103.8503,SG
unisongroup.com.bd,103.244.115.2,22.2578,114.1657,HK
www.unisongroup.com.bd,103.244.115.2,22.2578,114.1657,HK
gari.com.bd,115.187.18.74,23.7018,90.3742,BD
www.gari.com.bd,115.187.18.74,23.7018,90.3742,BD
email.shaheenfood.com.bd,216.98.11.228,38.581,-121.4939,US
syngenta.com.bd,165.160.15.20,37.751,-97.822,US
nahee.com.bd,202.4.96.3,23.7908,90.4109,BD
www.nahee.com.bd,202.4.96.3,23.7908,90.4109,BD
bani.com.bd,139.162.167.93,50.1187,8.6842,DE
domainhosting.com.bd,46.250.236.241,1.3552,103.8859,SG
manpower.com.bd,64.188.2.223,33.956,-118.3887,US
network.com.bd,64.188.2.223,33.956,-118.3887,US
outsourcing.com.bd,64.188.2.223,33.956,-118.3887,US
payroll.com.bd,64.188.10.25,33.956,-118.3887,US
*.website.com.bd,64.188.2.227,33.956,-118.3887,US
website.com.bd,64.188.2.227,33.956,-118.3887,US
businessit.com.bd,85.187.128.57,1.2868,103.8503,SG
pizzaroma.com.bd,185.230.63.171,39.018,-77.539,US
www.zoomrentacar.com.bd,66.85.139.234,33.4475,-112.0866,US
zoomrentacar.com.bd,66.85.139.234,33.4475,-112.0866,US
core21.com.bd,160.153.128.35,52.3759,4.8975,NL
www.core21.com.bd,160.153.128.35,52.3759,4.8975,NL
viper.com.bd,103.174.152.18,23.7018,90.3742,BD
www.viper.com.bd,103.174.152.18,23.7018,90.3742,BD
suzuki.com.bd,202.40.176.98,23.746,90.382,BD
sujon.kotha.com.bd,210.4.64.57,23.7908,90.4109,BD
sohel.com.bd,88.198.100.137,50.4777,12.3649,DE
www.sohel.com.bd,88.198.100.137,50.4777,12.3649,DE
awesome.com.bd,46.250.238.4,1.3552,103.8859,SG
www.awesome.com.bd,46.250.238.4,1.3552,103.8859,SG
khanskitchen.com.bd,103.174.153.151,23.7018,90.3742,BD
secure.sunsilk.com.bd,96.17.43.57,33.7485,-84.3871,US
bgmart.com.bd,103.191.241.194,23.7018,90.3742,BD
www.bgmart.com.bd,103.191.241.194,23.7018,90.3742,BD
roohafza.com.bd,103.174.50.11,23.7018,90.3742,BD
www.roohafza.com.bd,103.174.50.11,23.7018,90.3742,BD
stage.unilever.com.bd,96.17.43.163,33.7485,-84.3871,US
www.unilever.com.bd,96.17.39.59,33.7485,-84.3871,US
myshop.com.bd,162.0.209.240,37.751,-97.822,US
www.myshop.com.bd,162.0.209.240,37.751,-97.822,US
net.daraz.com.bd,34.77.79.66,50.8534,4.347,BE
democenter.webhosting.com.bd,192.99.44.181,43.6319,-79.3716,CA
webhosting.com.bd,192.99.44.181,43.6319,-79.3716,CA
www.webhosting.com.bd,192.99.44.181,43.6319,-79.3716,CA
adminer.ise.com.bd,172.106.163.151,32.7797,-96.8022,US
cheatcodesnow.ise.com.bd,172.106.163.146,32.7797,-96.8022,US
ci.ise.com.bd,172.106.163.151,32.7797,-96.8022,US
git.ise.com.bd,172.106.163.150,32.7797,-96.8022,US
ise.ise.com.bd,172.106.163.151,32.7797,-96.8022,US
laravel.ise.com.bd,172.106.163.151,32.7797,-96.8022,US
rx-dev.ise.com.bd,172.106.163.151,32.7797,-96.8022,US
rx.ise.com.bd,172.106.163.151,32.7797,-96.8022,US
spartaevo.ise.com.bd,172.106.163.151,32.7797,-96.8022,US
ssl.ise.com.bd,172.106.163.151,32.7797,-96.8022,US
workwheelsusa.ise.com.bd,172.106.163.151,32.7797,-96.8022,US
ghoori.com.bd,103.239.252.240,23.7908,90.4109,BD
www.arcom.com.bd,103.169.160.181,23.7018,90.3742,BD
phonebill.btcl.com.bd,123.49.48.66,23.7731,90.3657,BD
banglaflix.com.bd,103.54.36.226,22.6953,89.7194,BD
www.banglaflix.com.bd,103.54.36.226,22.6953,89.7194,BD
pavilion.com.bd,158.69.118.135,45.5075,-73.5887,CA
www.pavilion.com.bd,158.69.118.135,45.5075,-73.5887,CA
eportal.rapid.com.bd,194.233.90.163,1.3552,103.8859,SG
nanolash.com.bd,54.38.67.123,51.4964,-0.1224,GB
log.kotha.com.bd,119.40.81.25,23.746,90.382,BD
mail.centro.com.bd,139.99.7.170,1.2868,103.8503,SG
www.centro.com.bd,139.99.7.170,1.2868,103.8503,SG
globalbrand.com.bd,103.204.130.213,37.751,-97.822,US
server1.pegasus.com.bd,185.151.30.171,51.4964,-0.1224,GB
www.server1.pegasus.com.bd,185.151.30.171,51.4964,-0.1224,GB
qmail.com.bd,103.63.234.103,23.7018,90.3742,BD
www.qmail.com.bd,103.63.234.103,23.7018,90.3742,BD
foodmart.com.bd,147.79.79.44,42.3562,-71.0631,US
www.foodmart.com.bd,147.79.72.243,42.3562,-71.0631,US
mail.sonalibank.com.bd,27.147.153.114,23.7086,90.4017,BD
cpanel.smile.com.bd,114.31.0.72,26.0268,88.9148,BD
host.getco.com.bd,67.225.161.45,37.751,-97.822,US
southeastbank.com.bd,103.226.122.11,23.7018,90.3742,BD
oblibanking.onebank.com.bd,103.97.44.26,23.7018,90.3742,BD
dsl.com.bd,36.255.68.72,23.7018,90.3742,BD
intercloud.com.bd,163.53.149.2,23.7018,90.3742,BD
autodiscover.hpl.com.bd,103.111.126.17,23.7018,90.3742,BD
hpl.com.bd,5.77.32.165,51.4964,-0.1224,GB
mail.hpl.com.bd,103.111.126.17,23.7018,90.3742,BD
www.hpl.com.bd,5.77.32.165,51.4964,-0.1224,GB
quickbuy.com.bd,123.49.12.133,23.7018,90.3742,BD
www.quickbuy.com.bd,123.49.12.133,23.7018,90.3742,BD
unionbank.com.bd,65.109.23.122,60.1797,24.9344,FI
www.unionbank.com.bd,65.109.23.122,60.1797,24.9344,FI
autodiscover.farr.com.bd,180.92.225.86,23.7272,90.4093,BD
ex01.farr.com.bd,180.92.225.85,23.7272,90.4093,BD
ex02.farr.com.bd,180.92.225.86,23.7272,90.4093,BD
farr.com.bd,66.96.144.190,37.751,-97.822,US
mail.farr.com.bd,180.92.225.85,23.7272,90.4093,BD
dokani.com.bd,192.145.236.227,37.751,-97.822,US
www.dokani.com.bd,192.145.236.227,37.751,-97.822,US
bdtax.com.bd,13.126.165.138,19.0748,72.8856,IN
www.bdtax.com.bd,43.205.25.242,19.0748,72.8856,IN
easy.com.bd,103.26.139.174,23.7018,90.3742,BD
www.easy.com.bd,103.26.139.174,23.7018,90.3742,BD
bdcomssl.bdcom.com.bd,103.16.74.131,23.7018,90.3742,BD
etunes.com.bd,144.76.92.241,50.4777,12.3649,DE
buymobile.com.bd,145.223.124.162,42.3562,-71.0631,US
www.buymobile.com.bd,88.223.87.129,42.3562,-71.0631,US
www.starofservice.com.bd,3.167.88.112,37.751,-97.822,US
primebank.com.bd,103.118.0.34,23.7018,90.3742,BD
ali.com.bd,176.9.109.10,50.4777,12.3649,DE
shopup.com.bd,34.100.154.231,19.0748,72.8856,IN
www.lamudi.com.bd,52.31.9.87,53.3379,-6.2591,IE
mobireach.com.bd,202.134.12.19,23.7427,90.4248,BD
www.mobireach.com.bd,202.134.12.19,23.7427,90.4248,BD
citypay.com.bd,103.29.105.148,23.7018,90.3742,BD
porjotok.com.bd,120.50.17.62,23.746,90.382,BD
cloud.robi.com.bd,203.202.242.74,23.7534,90.3722,BD
equinox.com.bd,66.235.200.145,37.751,-97.822,US
www.equinox.com.bd,66.235.200.145,37.751,-97.822,US
stockphoto.com.bd,185.208.207.65,51.1878,6.8607,DE
www.stockphoto.com.bd,185.208.207.65,51.1878,6.8607,DE
amberlifestyle.com.bd,202.4.96.119,23.7908,90.4109,BD
www.amberlifestyle.com.bd,202.4.96.119,23.7908,90.4109,BD
autodiscover.meghnabank.com.bd,180.210.132.42,23.7018,90.3742,BD
mail.meghnabank.com.bd,180.210.132.41,23.7018,90.3742,BD
meghnabank.com.bd,67.225.162.45,37.751,-97.822,US
tuv-sud.com.bd,193.30.192.26,48.1363,11.5357,DE
www.tuv-sud.com.bd,193.30.192.26,48.1363,11.5357,DE
agentbanking.aibl.com.bd,103.43.55.98,23.7018,90.3742,BD
autodiscover.teletalk.com.bd,103.230.107.245,23.7004,90.4287,BD
www.teletalk.com.bd,103.230.106.208,23.7004,90.4287,BD
telecash.southeastbank.com.bd,103.226.122.5,23.7018,90.3742,BD
www.citytouch.com.bd,103.29.105.155,23.7018,90.3742,BD
nccbank.com.bd,66.226.74.252,37.751,-97.822,US
freelancer.com.bd,35.169.175.248,39.0469,-77.4903,US
autodiscover.ucb.com.bd,103.117.142.25,23.7018,90.3742,BD
login.ucb.com.bd,103.117.143.162,23.7018,90.3742,BD
mail.ucb.com.bd,103.117.142.25,23.7018,90.3742,BD
www.impex.com.bd,172.106.3.53,32.8137,-96.8704,US
review.com.bd,172.96.187.89,40.7876,-74.06,US
ibank.dhakabank.com.bd,210.4.66.100,23.7908,90.4109,BD
pib.primebank.com.bd,103.118.0.33,23.7018,90.3742,BD
pet.com.bd,162.246.57.249,33.7485,-84.3871,US
www.pet.com.bd,162.246.57.249,33.7485,-84.3871,US
payment.dhakabank.com.bd,103.26.139.202,23.7018,90.3742,BD
jobs.robi.com.bd,202.134.12.133,23.7427,90.4248,BD
www.amarit.com.bd,38.46.221.191,40.5247,-111.8638,US
ibanking.ucb.com.bd,103.117.142.26,23.7018,90.3742,BD
my.tos.com.bd,103.133.201.30,23.7086,90.4017,BD
www.bcbl.com.bd,119.40.88.23,23.746,90.382,BD
www.payroll.com.bd,64.188.10.25,33.956,-118.3887,US
lamudi.com.bd,52.31.9.87,53.3379,-6.2591,IE
finis.com.bd,192.200.97.138,37.751,-97.822,US
tomatoweb.com.bd,43.245.118.2,23.7272,90.4093,BD
www.tomatoweb.com.bd,43.245.118.2,23.7272,90.4093,BD
localit.com.bd,84.247.131.154,51.1878,6.8607,DE
www.localit.com.bd,84.247.131.154,51.1878,6.8607,DE
starthealthystayhealthy.com.bd,199.83.128.102,37.751,-97.822,US
www.banglalink.com.bd,203.223.93.175,23.7018,90.3742,BD
autodiscover.bg.com.bd,203.202.241.123,23.7534,90.3722,BD
mail.bg.com.bd,119.148.46.4,23.7731,90.3657,BD
sslcommerz.com.bd,103.132.153.147,23.7018,90.3742,BD
